,B.java,TreeType2.java,Tree.java,Assign2.java,C.java,LandscapePanel.java,ButtonPanel.java,Landscape.java,Test.java,Cell.java,A.java,TreeType1.java,UniformRandom.java
B.java,0,0,0,0,2,0,0,0,0,0,0,0,0
TreeType2.java,0,0,0,0,0,0,0,0,0,0,0,0,0
Tree.java,0,0,0,0,0,0,0,0,0,0,0,0,0
Assign2.java,0,0,0,0,0,0,0,0,0,0,0,0,2
C.java,0,0,0,0,0,0,0,0,0,0,0,0,0
LandscapePanel.java,0,0,15,0,0,0,0,0,0,6,0,0,0
ButtonPanel.java,0,0,0,0,0,0,0,0,0,0,0,0,0
Landscape.java,0,0,181,2,0,0,0,0,0,157,0,0,3
Test.java,2,0,0,0,0,0,0,0,0,0,2,0,0
Cell.java,0,0,0,0,0,0,0,0,0,0,0,0,0
A.java,0,0,0,0,0,0,0,0,0,0,0,0,0
TreeType1.java,0,0,0,0,0,0,0,0,0,0,0,0,0
UniformRandom.java,0,0,0,0,0,0,0,0,0,0,0,0,0
